{
  "interburst_freq": -0.6944470611794801,
  "intraburst_freq": 0.7047326092883682,
  "duty_cycle": 0.9607424540436915,
  "mean_spikes_per_burst": 0.9779564345058501
}