{
  "interburst_freq": -0.7937807150109225,
  "intraburst_freq": 0.8974015634869583,
  "duty_cycle": 0.9895354751490129,
  "mean_spikes_per_burst": 0.9818542911559917
}