{
  "interburst_freq": 0.633992469990778,
  "intraburst_freq": -0.27700339475916447,
  "duty_cycle": -0.8858517227121204,
  "mean_spikes_per_burst": -0.9136035339448615
}