{
  "intercept": 0.27192917892564106,
  "Vs0": -0.011575389429498132,
  "Vus0": 0.0017720208906713583,
  "g_us": -0.003842011925016379,
  "delta_Vus": -0.006636642134422723,
  "tau_us": -0.006066190998481458,
  "g_s": -0.005633417137049606,
  "tau_s": 0.004520630933098899,
  "g_syn_i": -0.0013634578020218044,
  "tau_i": -0.0016963216469664084,
  "Vi_threshold": 0.0006200548040320481,
  "Vi0": 0.002287161008524876,
  "Vs0^2": -0.00021774451335051717,
  "Vs0 Vus0": 0.000201590467821802,
  "Vs0 g_us": -0.0010225192045020305,
  "Vs0 delta_Vus": 0.0008933985106270202,
  "Vs0 tau_us": -0.0012245663183714723,
  "Vs0 g_s": -0.0008472442187826269,
  "Vs0 tau_s": 0.0002824439513454081,
  "Vs0 g_syn_i": 0.00016161502489414929,
  "Vs0 tau_i": -0.002121939662426415,
  "Vs0 Vi_threshold": 0.0011619181223072974,
  "Vs0 Vi0": -0.0008134763977787247,
  "Vus0^2": -2.3651391742719136e-05,
  "Vus0 g_us": -1.7968394688115837e-06,
  "Vus0 delta_Vus": -0.0004102623132385821,
  "Vus0 tau_us": -6.252493187311453e-05,
  "Vus0 g_s": -0.0001024527155251739,
  "Vus0 tau_s": 0.0001430573401793147,
  "Vus0 g_syn_i": -8.092901093188913e-05,
  "Vus0 tau_i": 0.0002549321753520309,
  "Vus0 Vi_threshold": -0.00015232000187193683,
  "Vus0 Vi0": 0.0002187851915209155,
  "g_us^2": -4.545306891320172e-06,
  "g_us delta_Vus": -2.2192450395577507e-05,
  "g_us tau_us": -0.00015749380610812616,
  "g_us g_s": -0.0006889806496118483,
  "g_us tau_s": 0.000420968517861718,
  "g_us g_syn_i": -4.505071121356279e-05,
  "g_us tau_i": -0.0008270843799126323,
  "g_us Vi_threshold": 0.00043053683813628875,
  "g_us Vi0": -0.0001044485491384192,
  "delta_Vus^2": 5.290343711861245e-05,
  "delta_Vus tau_us": -9.446243123810866e-05,
  "delta_Vus g_s": 0.00010425795900675934,
  "delta_Vus tau_s": -0.0003115329838878234,
  "delta_Vus g_syn_i": 0.0002354626429255852,
  "delta_Vus tau_i": -0.0010389298952418313,
  "delta_Vus Vi_threshold": 0.0006012333648185025,
  "delta_Vus Vi0": -0.0007059456854484935,
  "tau_us^2": 2.4391895323760782e-05,
  "tau_us g_s": -0.000898085113143063,
  "tau_us tau_s": 0.0005124006612189394,
  "tau_us g_syn_i": -2.5204972411327412e-05,
  "tau_us tau_i": -0.0012487536750141123,
  "tau_us Vi_threshold": 0.0006588932705112509,
  "tau_us Vi0": -0.00024195446840920816,
  "g_s^2": -0.00020884531011530828,
  "g_s tau_s": -1.9687337403024888e-05,
  "g_s g_syn_i": 1.0747291586463261e-05,
  "g_s tau_i": -0.0011171730135202292,
  "g_s Vi_threshold": 0.0005963544361098042,
  "g_s Vi0": -0.00028198547468193656,
  "tau_s^2": -0.00010055317754746933,
  "tau_s g_syn_i": -5.543873587737493e-05,
  "tau_s tau_i": 0.0008382511185871394,
  "tau_s Vi_threshold": -0.00045726510100292385,
  "tau_s Vi0": 0.0003048138028093742,
  "g_syn_i^2": -2.84452846030881e-05,
  "g_syn_i tau_i": -0.0005290846646108494,
  "g_syn_i Vi_threshold": 0.0005915173755375478,
  "g_syn_i Vi0": 0.0004219390142649482,
  "tau_i^2": 2.023137253127583e-05,
  "tau_i Vi_threshold": 0.00032895311510979924,
  "tau_i Vi0": 0.0006414008466870001,
  "Vi_threshold^2": -7.262625548508313e-05,
  "Vi_threshold Vi0": -0.0005129374401903804,
  "Vi0^2": -0.0003217948230118276
}