{
  "Vs0": -0.1416593455867162,
  "Vus0": 0.013264594463040028,
  "g_us": -6.697366091234602,
  "delta_Vus": -0.1638302552492286,
  "tau_us": -0.0007551264570087332,
  "g_s": -0.8592413118399448,
  "tau_s": 0.0550246813213953,
  "g_syn_i": -0.0008305578260068649,
  "tau_i": -0.0006360988932867041,
  "Vi_threshold": 0.0007467343925884401,
  "Vi0": 0.0005889929585922696
}