{
  "interburst_freq": 0.44502323096269014,
  "intraburst_freq": -0.45248648760739185,
  "duty_cycle": -0.30682421842382157,
  "mean_spikes_per_burst": -0.4398356042972429
}