{
  "interburst_freq": -0.99218727424408,
  "intraburst_freq": 0.9849387542282046,
  "duty_cycle": -0.9588620428885912,
  "mean_spikes_per_burst": 0.9811678627325102
}