{
  "interburst_freq": -0.8447406541104799,
  "intraburst_freq": 0.9638547117412032,
  "duty_cycle": -0.8474236440872556,
  "mean_spikes_per_burst": 0.8908632895069594
}