{
  "interburst_freq": 0.2105714244706224,
  "intraburst_freq": 0.08373060352522113,
  "duty_cycle": -0.9401141703664558,
  "mean_spikes_per_burst": -0.8879270379410644
}