{
  "interburst_freq": 0.685451043561037,
  "intraburst_freq": -0.1728689646463791,
  "duty_cycle": -0.9497290783138935,
  "mean_spikes_per_burst": -0.9489938336030833
}