{
  "interburst_freq": 0.5455180007298088,
  "intraburst_freq": -0.39234114134329506,
  "duty_cycle": 0.2073304658935264,
  "mean_spikes_per_burst": -0.46025555153391356
}