{
  "interburst_freq": 0.911368695469859,
  "intraburst_freq": -0.65755006556535,
  "duty_cycle": 0.7550887327041926,
  "mean_spikes_per_burst": -0.686934238432269
}