{
  "interburst_freq": -0.7825960793566724,
  "intraburst_freq": 0.8401343189770999,
  "duty_cycle": -0.7909076017421581,
  "mean_spikes_per_burst": -0.09951944887681496
}