{
  "interburst_freq": -0.8950280182934686,
  "intraburst_freq": 0.6890467660743704,
  "duty_cycle": -0.8678613838522761,
  "mean_spikes_per_burst": 0.5657356025327936
}