{
  "intercept": 15.889709408378973,
  "Vs0": 0.06817397914575488,
  "Vus0": 0.04792824759689152,
  "g_us": -0.1984248602591207,
  "delta_Vus": -0.2919119607171692,
  "tau_us": -0.23462972164099316,
  "g_s": 0.18497516769475025,
  "tau_s": 0.1501620347313616,
  "g_syn_i": 0.06549660957993012,
  "tau_i": 0.04648535453552541,
  "Vi_threshold": -0.04524801379210028,
  "Vi0": -0.16980622714261828,
  "Vs0^2": -0.00048345617534794266,
  "Vs0 Vus0": -0.0038433490609282015,
  "Vs0 g_us": -0.004020247644398364,
  "Vs0 delta_Vus": -0.01908283356782069,
  "Vs0 tau_us": -0.008554195531275711,
  "Vs0 g_s": 0.009817839014372878,
  "Vs0 tau_s": 0.0044951040019050965,
  "Vs0 g_syn_i": 0.0010845705897669234,
  "Vs0 tau_i": 0.014914562172167328,
  "Vs0 Vi_threshold": -0.008884961128677675,
  "Vs0 Vi0": -0.0004070093236211922,
  "Vus0^2": -0.0024770115625738034,
  "Vus0 g_us": 0.005663847076315316,
  "Vus0 delta_Vus": -0.0009254569151111994,
  "Vus0 tau_us": 0.004025484944836566,
  "Vus0 g_s": -0.0010124903931416273,
  "Vus0 tau_s": -0.0032649415472597873,
  "Vus0 g_syn_i": -0.0020399825184258956,
  "Vus0 tau_i": 0.008496348049194323,
  "Vus0 Vi_threshold": -0.004310310200673328,
  "Vus0 Vi0": 0.006979523433711803,
  "g_us^2": -0.01586485191655443,
  "g_us delta_Vus": -0.04270177509259066,
  "g_us tau_us": -0.04702025224845969,
  "g_us g_s": -0.002224434590485031,
  "g_us tau_s": 0.008308357236052853,
  "g_us g_syn_i": 0.006173745372475073,
  "g_us tau_i": -0.036787645775405456,
  "g_us Vi_threshold": 0.019414362494086044,
  "g_us Vi0": -0.023005481714625527,
  "delta_Vus^2": -0.027819436422913995,
  "delta_Vus tau_us": -0.05904016356251494,
  "delta_Vus g_s": -0.03900220679074861,
  "delta_Vus tau_s": -0.016782438547808524,
  "delta_Vus g_syn_i": -0.0035688206594410173,
  "delta_Vus tau_i": -0.06309909664610512,
  "delta_Vus Vi_threshold": 0.03730145427572215,
  "delta_Vus Vi0": -0.0010447135992327427,
  "tau_us^2": -0.025119246594111636,
  "tau_us g_s": -0.012941883533463214,
  "tau_us tau_s": 0.001453418860310073,
  "tau_us g_syn_i": 0.0036490587995172,
  "tau_us tau_i": -0.04609132808616874,
  "tau_us Vi_threshold": 0.02547911618957988,
  "tau_us Vi0": -0.01773712019319546,
  "g_s^2": -0.01630685738246035,
  "g_s tau_s": -0.03465281290365382,
  "g_s g_syn_i": 7.642989989435257e-05,
  "g_s tau_i": 0.038433070116258336,
  "g_s Vi_threshold": -0.022127217184767175,
  "g_s Vi0": 0.006326865090428609,
  "tau_s^2": -0.013503332160977308,
  "tau_s g_syn_i": -0.0032764581420676553,
  "tau_s tau_i": 0.02883033988524485,
  "tau_s Vi_threshold": -0.015656389490226425,
  "tau_s Vi0": 0.013791511518134838,
  "g_syn_i^2": -0.006814833805828767,
  "g_syn_i tau_i": -0.028941711000241902,
  "g_syn_i Vi_threshold": 0.029523553768315607,
  "g_syn_i Vi0": 0.03560857379196961,
  "tau_i^2": -0.005871395344590726,
  "tau_i Vi_threshold": 0.013654235187064311,
  "tau_i Vi0": 0.03740204290261003,
  "Vi_threshold^2": -0.00397322480139513,
  "Vi_threshold Vi0": -0.03255847293253251,
  "Vi0^2": -0.041711328120417446
}