{
  "Vs0": 8.468593720997053,
  "Vus0": 0.6732770307203777,
  "g_us": -528.6931277340567,
  "delta_Vus": -12.029038009715618,
  "tau_us": -0.04127958282850384,
  "g_s": 26.778602986039132,
  "tau_s": 1.8762830120497105,
  "g_syn_i": 0.036896784905046685,
  "tau_i": 0.0161471610827831,
  "Vi_threshold": -0.0503797476903455,
  "Vi0": -0.040498045197813255
}