{
  "interburst_freq": -0.8436691801122984,
  "intraburst_freq": 0.9991810438020586,
  "duty_cycle": 0.855218947975634,
  "mean_spikes_per_burst": 0.9972924333540979
}