{
  "interburst_freq": -0.257827018943354,
  "intraburst_freq": 0.8807938440374421,
  "duty_cycle": -0.35091903454240486,
  "mean_spikes_per_burst": 0.8053779956036032
}