{
  "intercept": 27.475521235448355,
  "Vs0": 8.133351188570474e-05,
  "Vus0": 0.019906081516367885,
  "g_us": 0.012354291675637223,
  "delta_Vus": 0.006537457890262372,
  "tau_us": 0.0019619416809963045,
  "g_s": 0.06308254292372219,
  "tau_s": -0.0773837006472815,
  "g_syn_i": 0.02912743189433106,
  "tau_i": 0.01472244633108165,
  "Vi_threshold": -0.0170700931573435,
  "Vi0": -0.03851483833308376,
  "Vs0^2": -0.001248487181507753,
  "Vs0 Vus0": 0.0006999649630899964,
  "Vs0 g_us": 0.0008097199248053645,
  "Vs0 delta_Vus": 0.0004173047703799695,
  "Vs0 tau_us": 0.00013880862164673515,
  "Vs0 g_s": 0.004095484868479633,
  "Vs0 tau_s": -0.005019087289963576,
  "Vs0 g_syn_i": 0.001888231773975968,
  "Vs0 tau_i": 0.0009690575844285875,
  "Vs0 Vi_threshold": -0.0011150803282212562,
  "Vs0 Vi0": -0.0024926709658158195,
  "Vus0^2": 7.057463388376664e-05,
  "Vus0 g_us": 0.0018880553212734395,
  "Vus0 delta_Vus": -0.0017348752541263583,
  "Vus0 tau_us": 0.0028011050168469413,
  "Vus0 g_s": 8.444360201965704e-05,
  "Vus0 tau_s": 0.0010874492833984266,
  "Vus0 g_syn_i": -0.0006457697635393029,
  "Vus0 tau_i": 0.0032595584688043947,
  "Vus0 Vi_threshold": -0.0016981176586280072,
  "Vus0 Vi0": 0.0018608425336861726,
  "g_us^2": 0.0036957203494742677,
  "g_us delta_Vus": 0.0005128121518185884,
  "g_us tau_us": -0.002909501755318776,
  "g_us g_s": 0.006910811553238632,
  "g_us tau_s": -0.007738338418124664,
  "g_us g_syn_i": 0.0027659829616820952,
  "g_us tau_i": 0.00362361709473417,
  "g_us Vi_threshold": -0.0029097803730268787,
  "g_us Vi0": -0.003032482696800232,
  "delta_Vus^2": 0.00133525451320877,
  "delta_Vus tau_us": -0.0027203885994377063,
  "delta_Vus g_s": -0.0050070086447052495,
  "delta_Vus tau_s": 0.0065332793563876845,
  "delta_Vus g_syn_i": -0.002536797885995441,
  "delta_Vus tau_i": -0.00010453900940780339,
  "delta_Vus Vi_threshold": 0.0008047100474940922,
  "delta_Vus Vi0": 0.00368507341819913,
  "tau_us^2": -0.0011466328517930023,
  "tau_us g_s": 0.009024026454615768,
  "tau_us tau_s": -0.010952434163345274,
  "tau_us g_syn_i": 0.0040992209277711834,
  "tau_us tau_i": 0.002425381384462529,
  "tau_us Vi_threshold": -0.002607009612153454,
  "tau_us Vi0": -0.005321103651608358,
  "g_s^2": -0.00015257088169290443,
  "g_s tau_s": 0.00013148852535057616,
  "g_s g_syn_i": 0.00014040900260351794,
  "g_s tau_i": 0.01143491550248123,
  "g_s Vi_threshold": -0.006662955206170396,
  "g_s Vi0": 0.00300536978365558,
  "tau_s^2": 0.0017413585886432664,
  "tau_s g_syn_i": 0.0015705354877679654,
  "tau_s tau_i": -0.013146388154604005,
  "tau_s Vi_threshold": 0.007152132045885955,
  "tau_s Vi0": -0.005991154408924545,
  "g_syn_i^2": -0.0009036470186283584,
  "g_syn_i tau_i": 0.012593580465229442,
  "g_syn_i Vi_threshold": -0.009290750496960135,
  "g_syn_i Vi0": -0.011169307013967174,
  "tau_i^2": 0.0007399208037894152,
  "tau_i Vi_threshold": -0.006415417159236315,
  "tau_i Vi0": -0.01879955157279393,
  "Vi_threshold^2": 0.00014340243533056995,
  "Vi_threshold Vi0": 0.013911717135816525,
  "Vi0^2": 0.009260238587659425
}