{
  "Vs0": 0.014987534436697682,
  "Vus0": 0.0638881263135126,
  "g_us": 18.232421059342094,
  "delta_Vus": 0.10483859262917129,
  "tau_us": 0.0001527907555368863,
  "g_s": 13.714371212664837,
  "tau_s": -3.695047649362914,
  "g_syn_i": 0.0185208641541284,
  "tau_i": 0.005755138813638773,
  "Vi_threshold": -0.02145026184686711,
  "Vi0": -0.010350870138141737
}