{
  "interburst_freq": 0.9493271607821053,
  "intraburst_freq": 0.38583827475579513,
  "duty_cycle": -0.9460334983885168,
  "mean_spikes_per_burst": -0.974282506948218
}