{
  "interburst_freq": 0.9444394403114402,
  "intraburst_freq": 0.31362858600894983,
  "duty_cycle": -0.8758015320284454,
  "mean_spikes_per_burst": -0.9587397063797797
}