{
  "feature": "duty_cycle",
  "parameter_ranking": [
    [
      "g_us",
      6.697366091234602
    ],
    [
      "g_s",
      0.8592413118399448
    ],
    [
      "delta_Vus",
      0.1638302552492286
    ],
    [
      "Vs0",
      0.1416593455867162
    ],
    [
      "tau_s",
      0.0550246813213953
    ],
    [
      "Vus0",
      0.013264594463040028
    ],
    [
      "g_syn_i",
      0.0008305578260068649
    ],
    [
      "tau_us",
      0.0007551264570087332
    ],
    [
      "Vi_threshold",
      0.0007467343925884401
    ],
    [
      "tau_i",
      0.0006360988932867041
    ],
    [
      "Vi0",
      0.0005889929585922696
    ]
  ],
  "recipes": {
    "target_-0.25": {
      "simple": {
        "recipe": {
          "g_us": 2.0,
          "g_s": 0.0647631678575794,
          "delta_Vus": 0.01904799054634689
        },
        "evaluation": {
          "predicted_change": -0.44754005594444757,
          "confidence": 0.3053962805320246,
          "n_params_changed": 3,
          "avg_param_change": 0.6946037194679754
        },
        "readable_changes": {
          "g_us": "+200.0% (+0.030)",
          "g_s": "+6.5% (+0.032)",
          "delta_Vus": "+1.9% (+0.032)"
        }
      },
      "minimal": {
        "recipe": {
          "Vs0": 0.025700616585685544
        },
        "evaluation": {
          "predicted_change": -0.24999701944475516,
          "confidence": 0.9742993834143144,
          "n_params_changed": 1,
          "avg_param_change": 0.025700616585685544
        },
        "readable_changes": {
          "Vs0": "+2.6% (+1.285)"
        }
      },
      "balanced": {
        "recipe": {
          "Vs0": 0.024371426553204196
        },
        "evaluation": {
          "predicted_change": -0.23442658259842458,
          "confidence": 0.9756285734467958,
          "n_params_changed": 1,
          "avg_param_change": 0.024371426553204196
        },
        "readable_changes": {
          "Vs0": "+2.4% (+1.219)"
        }
      },
      "conservative": {
        "recipe": {
          "Vs0": 0.02037221035585301,
          "Vus0": -0.020365312126620336,
          "delta_Vus": -0.014670735889319761,
          "tau_us": 0.020102533307740443,
          "tau_i": 0.020372402269739222,
          "Vi_threshold": 0.011852270455189204
        },
        "evaluation": {
          "predicted_change": -0.25181339831312727,
          "confidence": 0.982044089265923,
          "n_params_changed": 6,
          "avg_param_change": 0.017955910734076996
        },
        "readable_changes": {
          "Vs0": "+2.0% (+1.019)",
          "Vus0": "-2.0% (-1.059)",
          "delta_Vus": "-1.5% (-0.025)",
          "tau_us": "+2.0% (+5.589)",
          "tau_i": "+2.0% (+1.019)",
          "Vi_threshold": "+1.2% (+0.237)"
        }
      }
    },
    "target_-0.1": {
      "simple": {
        "recipe": {
          "g_us": 0.8635089047677256,
          "g_s": 0.025905267143031766,
          "delta_Vus": 0.007619196218538756
        },
        "evaluation": {
          "predicted_change": -0.1414386997566208,
          "confidence": 0.7009888772902346,
          "n_params_changed": 3,
          "avg_param_change": 0.2990111227097654
        },
        "readable_changes": {
          "g_us": "+86.4% (+0.013)",
          "g_s": "+2.6% (+0.013)",
          "delta_Vus": "+0.8% (+0.013)"
        }
      },
      "minimal": {
        "recipe": {
          "Vus0": -0.09362652007216067
        },
        "evaluation": {
          "predicted_change": -0.09980736625950803,
          "confidence": 0.9063734799278393,
          "n_params_changed": 1,
          "avg_param_change": 0.09362652007216067
        },
        "readable_changes": {
          "Vus0": "-9.4% (-4.869)"
        }
      },
      "balanced": {
        "recipe": {
          "Vs0": 0.011271600592829023
        },
        "evaluation": {
          "predicted_change": -0.09638243273325561,
          "confidence": 0.9887283994071709,
          "n_params_changed": 1,
          "avg_param_change": 0.011271600592829023
        },
        "readable_changes": {
          "Vs0": "+1.1% (+0.564)"
        }
      },
      "conservative": {
        "recipe": {
          "Vus0": -0.01951050117499588,
          "g_us": 0.11537071661615282,
          "delta_Vus": -0.10793457560207925,
          "g_syn_i": -0.014585522661290755,
          "tau_i": 0.11552999380157196,
          "Vi_threshold": 0.06153774558105401,
          "Vi0": 0.11552186341413606
        },
        "evaluation": {
          "predicted_change": -0.0017063461540116065,
          "confidence": 0.9214298687355313,
          "n_params_changed": 7,
          "avg_param_change": 0.07857013126446868
        },
        "readable_changes": {
          "Vus0": "-2.0% (-1.015)",
          "g_us": "+11.5% (+0.002)",
          "delta_Vus": "-10.8% (-0.183)",
          "g_syn_i": "-1.5% (-0.438)",
          "tau_i": "+11.6% (+5.776)",
          "Vi_threshold": "+6.2% (+1.231)",
          "Vi0": "+11.6% (+10.397)"
        }
      }
    },
    "target_-0.05": {
      "simple": {
        "recipe": {
          "g_us": 0.4317544523838628,
          "g_s": 0.012952633571515883,
          "delta_Vus": 0.003809598109269378
        },
        "evaluation": {
          "predicted_change": -0.06223065049508841,
          "confidence": 0.8504944386451173,
          "n_params_changed": 3,
          "avg_param_change": 0.1495055613548827
        },
        "readable_changes": {
          "g_us": "+43.2% (+0.006)",
          "g_s": "+1.3% (+0.006)",
          "delta_Vus": "+0.4% (+0.006)"
        }
      },
      "minimal": {
        "recipe": {
          "Vus0": -0.054008609812104924
        },
        "evaluation": {
          "predicted_change": -0.04990628591373095,
          "confidence": 0.9459913901878951,
          "n_params_changed": 1,
          "avg_param_change": 0.054008609812104924
        },
        "readable_changes": {
          "Vus0": "-5.4% (-2.808)"
        }
      },
      "balanced": {
        "recipe": {},
        "evaluation": {
          "predicted_change": 0.0,
          "confidence": 0,
          "n_params_changed": 0,
          "avg_param_change": NaN
        },
        "readable_changes": {}
      },
      "conservative": {
        "recipe": {},
        "evaluation": {
          "predicted_change": 0.0,
          "confidence": 0,
          "n_params_changed": 0,
          "avg_param_change": NaN
        },
        "readable_changes": {}
      }
    },
    "target_+0.05": {
      "simple": {
        "recipe": {
          "g_us": -0.4317544523838628,
          "g_s": -0.012952633571515883,
          "delta_Vus": -0.003809598109269378
        },
        "evaluation": {
          "predicted_change": 0.04525325172864403,
          "confidence": 0.8504944386451173,
          "n_params_changed": 3,
          "avg_param_change": 0.1495055613548827
        },
        "readable_changes": {
          "g_us": "-43.2% (-0.006)",
          "g_s": "-1.3% (-0.006)",
          "delta_Vus": "-0.4% (-0.006)"
        }
      },
      "minimal": {
        "recipe": {},
        "evaluation": {
          "predicted_change": 0.0,
          "confidence": 0,
          "n_params_changed": 0,
          "avg_param_change": NaN
        },
        "readable_changes": {}
      },
      "balanced": {
        "recipe": {},
        "evaluation": {
          "predicted_change": 0.0,
          "confidence": 0,
          "n_params_changed": 0,
          "avg_param_change": NaN
        },
        "readable_changes": {}
      },
      "conservative": {
        "recipe": {
          "Vus0": 0.07010282883741292,
          "delta_Vus": -0.023213660533040865,
          "tau_s": -0.05772443300296602,
          "Vi_threshold": 0.016739065705985837,
          "Vi0": 0.07013563495245125
        },
        "evaluation": {
          "predicted_change": 0.03396738004576977,
          "confidence": 0.9524168753936286,
          "n_params_changed": 5,