{
  "feature": "interburst_freq",
  "parameter_ranking": [
    [
      "g_us",
      12.086808214746132
    ],
    [
      "g_s",
      2.758815854450523
    ],
    [
      "delta_Vus",
      0.25053911623688435
    ],
    [
      "Vs0",
      0.09613138167850195
    ],
    [
      "tau_s",
      0.08962906498142435
    ],
    [
      "Vi_threshold",
      0.0036410285004212384
    ],
    [
      "Vus0",
      0.003517989173278554
    ],
    [
      "g_syn_i",
      0.002541829309326436
    ],
    [
      "Vi0",
      0.0023433505346840814
    ],
    [
      "tau_i",
      0.0017535133016923577
    ],
    [
      "tau_us",
      0.0006100271962674761
    ]
  ],
  "recipes": {
    "target_-1": {
      "simple": {
        "recipe": {
          "g_us": -0.5,
          "g_s": 0.13248399447151069,
          "delta_Vus": -0.03896588072691491
        },
        "evaluation": {
          "predicted_change": -0.30279181373233777,
          "confidence": 0.7761833749338581,
          "n_params_changed": 3,
          "avg_param_change": 0.22381662506614186
        },
        "readable_changes": {
          "g_us": "-50.0% (-0.007)",
          "g_s": "+13.2% (+0.066)",
          "delta_Vus": "-3.9% (-0.066)"
        }
      },
      "minimal": {
        "recipe": {
          "Vs0": 0.06883775323767966
        },
        "evaluation": {
          "predicted_change": -0.9999921932430937,
          "confidence": 0.9311622467623204,
          "n_params_changed": 1,
          "avg_param_change": 0.06883775323767966
        },
        "readable_changes": {
          "Vs0": "+6.9% (+3.442)"
        }
      },
      "balanced": {
        "recipe": {
          "Vs0": 0.0600942868213489,
          "Vus0": 0.018280822839487374,
          "g_s": 0.010234187614380271
        },
        "evaluation": {
          "predicted_change": -0.9821355740945652,
          "confidence": 0.9704635675749278,
          "n_params_changed": 3,
          "avg_param_change": 0.029536432425072184
        },
        "readable_changes": {
          "Vs0": "+6.0% (+3.005)",
          "Vus0": "+1.8% (+0.951)",
          "g_s": "+1.0% (+0.005)"
        }
      },
      "conservative": {
        "recipe": {
          "Vs0": 0.042358030054910054,
          "Vus0": 0.042359199244762204,
          "g_us": -0.040142115637584914,
          "delta_Vus": -0.042358066681965734,
          "tau_us": -0.04234305697076456,
          "g_s": 0.042353683071862755,
          "tau_s": 0.03947797168891367,
          "g_syn_i": -0.02826234743541274,
          "tau_i": 0.03834974854544464,
          "Vi_threshold": -0.04227757701197576,
          "Vi0": -0.016095132624662594
        },
        "evaluation": {
          "predicted_change": -0.9999996104878313,
          "confidence": 0.9621475519119764,
          "n_params_changed": 11,
          "avg_param_change": 0.0378524480880236
        },
        "readable_changes": {
          "Vs0": "+4.2% (+2.118)",
          "Vus0": "+4.2% (+2.203)",
          "g_us": "-4.0% (-0.001)",
          "delta_Vus": "-4.2% (-0.072)",
          "tau_us": "-4.2% (-11.771)",
          "g_s": "+4.2% (+0.021)",
          "tau_s": "+3.9% (+0.170)",
          "g_syn_i": "-2.8% (-0.848)",
          "tau_i": "+3.8% (+1.917)",
          "Vi_threshold": "-4.2% (-0.846)",
          "Vi0": "-1.6% (-1.449)"
        }
      }
    },
    "target_-0.4": {
      "simple": {
        "recipe": {
          "g_us": -0.5,
          "g_s": 0.052993597788604276,
          "delta_Vus": -0.015586352290765965
        },
        "evaluation": {
          "predicted_change": -0.1777589071496507,
          "confidence": 0.8104733499735433,
          "n_params_changed": 3,
          "avg_param_change": 0.18952665002645674
        },
        "readable_changes": {
          "g_us": "-50.0% (-0.007)",
          "g_s": "+5.3% (+0.026)",
          "delta_Vus": "-1.6% (-0.026)"
        }
      },
      "minimal": {
        "recipe": {
          "Vs0": 0.03848027799802244
        },
        "evaluation": {
          "predicted_change": -0.40001014709432237,
          "confidence": 0.9615197220019776,
          "n_params_changed": 1,
          "avg_param_change": 0.03848027799802244
        },
        "readable_changes": {
          "Vs0": "+3.8% (+1.924)"
        }
      },
      "balanced": {
        "recipe": {
          "Vs0": 0.03404054429553438
        },
        "evaluation": {
          "predicted_change": -0.3332895708223036,
          "confidence": 0.9659594557044656,
          "n_params_changed": 1,
          "avg_param_change": 0.03404054429553438
        },
        "readable_changes": {
          "Vs0": "+3.4% (+1.702)"
        }
      },
      "conservative": {
        "recipe": {
          "Vs0": -0.04981473563201421,
          "Vus0": -0.04981743111915103,
          "delta_Vus": 0.01606821920674298,
          "tau_s": 0.049428280558865556,
          "g_syn_i": 0.04981743748676754,
          "tau_i": 0.046568175893378,
          "Vi0": -0.023503262817334378
        },
        "evaluation": {
          "predicted_change": -0.40010672812209863,
          "confidence": 0.9592832081836781,
          "n_params_changed": 7,
          "avg_param_change": 0.040716791816321964
        },
        "readable_changes": {
          "Vs0": "-5.0% (-2.491)",
          "Vus0": "-5.0% (-2.591)",
          "delta_Vus": "+1.6% (+0.027)",
          "tau_s": "+4.9% (+0.213)",
          "g_syn_i": "+5.0% (+1.495)",
          "tau_i": "+4.7% (+2.328)",
          "Vi0": "-2.4% (-2.115)"
        }
      }
    },
    "target_-0.2": {
      "simple": {
        "recipe": {
          "g_us": -0.5,
          "g_s": 0.026496798894302138,
          "delta_Vus": -0.007793176145382982
        },
        "evaluation": {
          "predicted_change": -0.14141153269441087,
          "confidence": 0.8219033416534383,
          "n_params_changed": 3,
          "avg_param_change": 0.17809665834656171
        },
        "readable_changes": {
          "g_us": "-50.0% (-0.007)",
          "g_s": "+2.6% (+0.013)",
          "delta_Vus": "-0.8% (-0.013)"
        }
      },
      "minimal": {
        "recipe": {
          "Vs0": 0.023814630024227307
        },
        "evaluation": {
          "predicted_change": -0.2000245474813005,
          "confidence": 0.9761853699757727,
          "n_params_changed": 1,
          "avg_param_change": 0.023814630024227307
        },
        "readable_changes": {
          "Vs0": "+2.4% (+1.191)"
        }
      },
      "balanced": {
        "recipe": {
          "Vs0": 0.0213008285775078
        },
        "evaluation": {
          "predicted_change": -0.17162302651218153,
          "confidence": 0.9786991714224922,
          "n_params_changed": 1,
          "avg_param_change": 0.0213008285775078
        },
        "readable_changes": {
          "Vs0": "+2.1% (+1.065)"
        }
      },
      "conservative": {
        "recipe": {
          "Vs0": 0.017815185610175043,
          "Vus0": 0.017815111205527916,
          "g_us": -0.01554540665689116,
          "delta_Vus": -0.017814769850153057
        },
        "evaluation": {
          "predicted_change": -0.1964635444499343,
          "confidence": 0.9827523816693132,
          "n_params_changed": 4,
          "avg_param_change": 0.017247618330686793
        },
        "readable_changes": {
          "Vs0": "+1.8% (+0.891)",
          "Vus0": "+1.8% (+0.926)",
          "g_us": "-1.6% (-0.000)",
          "delta_Vus": "-1.8% (-0.030)"
        }
      }
    },
    "target_+0.2": {
      "simple": {
        "recipe": {
          "g_us": 0.8832266298100713,
          "g_s": -0.026496798894302138,
          "delta_Vus": 0.007793176145382982
        },
        "evaluation": {
          "predicted_change": 0.18620180573523648,
          "confidence": 0.6941611317167479,
          "n_params_changed": 3,
          "avg_param_change": 0.30583886828325213
        },
        "readable_changes": {
          "g_us": "+88.3% (+0.013)",
          "g_s": "-2.6% (-0.013)",