{
  "feature": "intraburst_freq",
  "parameter_ranking": [
    [
      "g_us",
      18.232421059342094
    ],
    [
      "g_s",
      13.714371212664837
    ],
    [
      "tau_s",
      3.695047649362914
    ],
    [
      "delta_Vus",
      0.10483859262917129
    ],
    [
      "Vus0",
      0.0638881263135126
    ],
    [
      "Vi_threshold",
      0.02145026184686711
    ],
    [
      "g_syn_i",
      0.0185208641541284
    ],
    [
      "Vs0",
      0.014987534436697682
    ],
    [
      "Vi0",
      0.010350870138141737
    ],
    [
      "tau_i",
      0.005755138813638773
    ],
    [
      "tau_us",
      0.0001527907555368863
    ]
  ],
  "recipes": {
    "target_-25": {
      "simple": {
        "recipe": {
          "g_us": -0.5,
          "g_s": -0.5,
          "tau_s": 0.16312158691016987
        },
        "evaluation": {
          "predicted_change": 2.0548989484625544,
          "confidence": 0.6122928043632767,
          "n_params_changed": 3,
          "avg_param_change": 0.3877071956367233
        },
        "readable_changes": {
          "g_us": "-50.0% (-0.007)",
          "g_s": "-50.0% (-0.250)",
          "tau_s": "+16.3% (+0.701)"
        }
      },
      "minimal": {
        "recipe": {
          "g_us": -0.5,
          "g_s": -0.5,
          "tau_s": 0.16312158691016987
        },
        "evaluation": {
          "predicted_change": 2.0548989484625544,
          "confidence": 0.6122928043632767,
          "n_params_changed": 3,
          "avg_param_change": 0.3877071956367233
        },
        "readable_changes": {
          "g_us": "-50.0% (-0.007)",
          "g_s": "-50.0% (-0.250)",
          "tau_s": "+16.3% (+0.701)"
        }
      },
      "balanced": {
        "recipe": {
          "Vs0": -0.01532340714117138
        },
        "evaluation": {
          "predicted_change": -24.90696983707312,
          "confidence": 0.9846765928588286,
          "n_params_changed": 1,
          "avg_param_change": 0.01532340714117138
        },
        "readable_changes": {
          "Vs0": "-1.5% (-0.766)"
        }
      },
      "conservative": {
        "recipe": {
          "Vs0": -0.014790467436285346,
          "tau_s": -0.01479055287153324
        },
        "evaluation": {
          "predicted_change": -25.01138222050497,
          "confidence": 0.9852094898460907,
          "n_params_changed": 2,
          "avg_param_change": 0.014790510153909293
        },
        "readable_changes": {
          "Vs0": "-1.5% (-0.740)",
          "tau_s": "-1.5% (-0.064)"
        }
      }
    },
    "target_-10": {
      "simple": {
        "recipe": {
          "g_us": -0.5,
          "g_s": -0.5,
          "tau_s": 0.06524863476406796
        },
        "evaluation": {
          "predicted_change": 0.5236586531246772,
          "confidence": 0.6449171217453107,
          "n_params_changed": 3,
          "avg_param_change": 0.3550828782546893
        },
        "readable_changes": {
          "g_us": "-50.0% (-0.007)",
          "g_s": "-50.0% (-0.250)",
          "tau_s": "+6.5% (+0.281)"
        }
      },
      "minimal": {
        "recipe": {},
        "evaluation": {
          "predicted_change": 0.0,
          "confidence": 0,
          "n_params_changed": 0,
          "avg_param_change": NaN
        },
        "readable_changes": {}
      },
      "balanced": {
        "recipe": {},
        "evaluation": {
          "predicted_change": 0.0,
          "confidence": 0,
          "n_params_changed": 0,
          "avg_param_change": NaN
        },
        "readable_changes": {}
      },
      "conservative": {
        "recipe": {},
        "evaluation": {
          "predicted_change": 0.0,
          "confidence": 0,
          "n_params_changed": 0,
          "avg_param_change": NaN
        },
        "readable_changes": {}
      }
    },
    "target_-5": {
      "simple": {
        "recipe": {
          "g_us": -0.5,
          "g_s": -0.2805691294854922,
          "tau_s": 0.03262431738203398
        },
        "evaluation": {
          "predicted_change": 0.4661574154605219,
          "confidence": 0.7289355177108245,
          "n_params_changed": 3,
          "avg_param_change": 0.2710644822891754
        },
        "readable_changes": {
          "g_us": "-50.0% (-0.007)",
          "g_s": "-28.1% (-0.140)",
          "tau_s": "+3.3% (+0.140)"
        }
      },
      "minimal": {
        "recipe": {},
        "evaluation": {
          "predicted_change": 0.0,
          "confidence": 0,
          "n_params_changed": 0,
          "avg_param_change": NaN
        },
        "readable_changes": {}
      },
      "balanced": {
        "recipe": {},
        "evaluation": {
          "predicted_change": 0.0,
          "confidence": 0,
          "n_params_changed": 0,
          "avg_param_change": NaN
        },
        "readable_changes": {}
      },
      "conservative": {
        "recipe": {},
        "evaluation": {
          "predicted_change": 0.0,
          "confidence": 0,
          "n_params_changed": 0,
          "avg_param_change": NaN
        },
        "readable_changes": {}
      }
    },
    "target_+5": {
      "simple": {
        "recipe": {
          "g_us": 2.0,
          "g_s": 0.2805691294854922,
          "tau_s": -0.03262431738203398
        },
        "evaluation": {
          "predicted_change": 22.031242197266895,
          "confidence": 0.22893551771082443,
          "n_params_changed": 3,
          "avg_param_change": 0.7710644822891756
        },
        "readable_changes": {
          "g_us": "+200.0% (+0.030)",
          "g_s": "+28.1% (+0.140)",
          "tau_s": "-3.3% (-0.140)"
        }
      },
      "minimal": {
        "recipe": {
          "g_s": 0.03150661151163245,
          "tau_s": -0.09471530967149261,
          "g_syn_i": 0.016167289153030017
        },
        "evaluation": {
          "predicted_change": 2.516292960966574,
          "confidence": 0.9525369298879484,
          "n_params_changed": 3,
          "avg_param_change": 0.04746307011205169
        },
        "readable_changes": {
          "g_s": "+3.2% (+0.016)",
          "tau_s": "-9.5% (-0.407)",
          "g_syn_i": "+1.6% (+0.485)"
        }
      },
      "balanced": {
        "recipe": {
          "g_s": 0.03238164277327145,
          "tau_s": -0.09141122743273115
        },
        "evaluation": {
          "predicted_change": 2.4199722325253106,
          "confidence": 0.9381035648969986,
          "n_params_changed": 2,
          "avg_param_change": 0.0618964351030013
        },
        "readable_changes": {
          "g_s": "+3.2% (+0.016)",
          "tau_s": "-9.1% (-0.393)"
        }
      },
      "conservative": {
        "recipe": {
          "g_us": 0.04565759771454712,
          "delta_Vus": -0.07412447435704722,
          "tau_us": 0.07160959235502891,
          "g_s": 0.07412448219666355,
          "tau_s": -0.07412449984041157,
          "g_syn_i": 0.07096910101422299,
          "tau_i": -0.05982211482353677,
          "Vi_threshold": -0.07412450032131285,
          "Vi0": 0.014176606662909038
        },
        "evaluation": {
          "predicted_change": 3.0693450953791768,
          "confidence": 0.9379185589682578,
          "n_params_changed": 9,
          "avg_param_change": 0.062081441031742214
        },
        "readable_changes": {
          "g_us": "+4.6% (+0.001)",
          "delta_Vus": "-7.4% (-0.126)",
          "tau_us": "+7.2% (+19.907)",
          "g_s": "+7.4% (+0.037)",
          "tau_s": "-7.4% (-0.319)",
          "g_syn_i": "+7.1% (+2.129)",
          "tau_i": "-6.0% (-2.991)",
          "Vi_threshold": "-7.4% (-1.482)",
          "Vi0": "+1.4% (+1.276)"
        }
      }
    },
    "target_+10": {
      "simple": {
        "recipe": {
          "g_us": 2.0,
          "g_s": 0.5611382589709843,
          "tau_s": -0.06524863476406796
        },
        "evaluation": {
          "predicted_change": 36.03891693120556,
          "confidence": 0.12453770208831594,