{
  "intercept": 0.49467350516202296,
  "Vs0": -0.007714223323806514,
  "Vus0": -0.0009418690477888364,
  "g_us": 0.007192044775395968,
  "delta_Vus": 0.010974317354280531,
  "tau_us": 0.006426195411355781,
  "g_s": -0.008832629731873194,
  "tau_s": -0.0069897825960872845,
  "g_syn_i": -0.00411618243065676,
  "tau_i": -0.00461213294504856,
  "Vi_threshold": 0.0029860305694278068,
  "Vi0": 0.008930303363910454,
  "Vs0^2": -0.0003505634542447099,
  "Vs0 Vus0": -0.0009970771631232023,
  "Vs0 g_us": -0.0002938540354102585,
  "Vs0 delta_Vus": 0.0011716158374672936,
  "Vs0 tau_us": -0.000295751740558691,
  "Vs0 g_s": -0.00048366380148683524,
  "Vs0 tau_s": 3.685928714512658e-05,
  "Vs0 g_syn_i": 4.041713159731228e-05,
  "Vs0 tau_i": -0.0014722414051403549,
  "Vs0 Vi_threshold": 0.000813966118253634,
  "Vs0 Vi0": -0.00037255212013214805,
  "Vus0^2": -9.600397666965658e-05,
  "Vus0 g_us": -0.00018315581417116072,
  "Vus0 delta_Vus": -8.168192902583034e-05,
  "Vus0 tau_us": -0.00016770456041776782,
  "Vus0 g_s": 0.00012182034330231985,
  "Vus0 tau_s": 0.00014763611257140755,
  "Vus0 g_syn_i": 8.922533275222726e-05,
  "Vus0 tau_i": -8.53068937213284e-05,
  "Vus0 Vi_threshold": 3.823378446519721e-05,
  "Vus0 Vi0": -0.0002283602785487599,
  "g_us^2": -8.251937117891082e-05,
  "g_us delta_Vus": -0.00015406655501938235,
  "g_us tau_us": -0.00019353463841233974,
  "g_us g_s": -0.00021190493740005968,
  "g_us tau_s": -0.0005589003675236546,
  "g_us g_syn_i": -0.0003465730451368798,
  "g_us tau_i": 0.0010264753464878451,
  "g_us Vi_threshold": -0.0005347869797223568,
  "g_us Vi0": 0.0010174930437744773,
  "delta_Vus^2": -0.00029757245648588687,
  "delta_Vus tau_us": -0.0005751187729925103,
  "delta_Vus g_s": 0.0015315299175055173,
  "delta_Vus tau_s": 0.0006150480991409622,
  "delta_Vus g_syn_i": 0.0003355742330309022,
  "delta_Vus tau_i": 0.0025348551197260415,
  "delta_Vus Vi_threshold": -0.0014431037846119343,
  "delta_Vus Vi0": -0.00032279740226498965,
  "tau_us^2": -0.000707091328399773,
  "tau_us g_s": -0.00022734076777037606,
  "tau_us tau_s": -0.000529457684682031,
  "tau_us g_syn_i": -0.00032737706746414105,
  "tau_us tau_i": 0.0008973276816786461,
  "tau_us Vi_threshold": -0.00046499304365190715,
  "tau_us Vi0": 0.0009475655449326715,
  "g_s^2": 3.571024649580364e-05,
  "g_s tau_s": 0.0003807325125360041,
  "g_s g_syn_i": -2.5007340585966957e-05,
  "g_s tau_i": -0.0017655596627298078,
  "g_s Vi_threshold": 0.0009836868917513883,
  "g_s Vi0": -0.000271909452225955,
  "tau_s^2": 4.245639613012953e-05,
  "tau_s g_syn_i": 0.00020410776575504317,
  "tau_s tau_i": -0.0011463173230966573,
  "tau_s Vi_threshold": 0.0006160261043892001,
  "tau_s Vi0": -0.0007009371424683505,
  "g_syn_i^2": 0.00019251614330774566,
  "g_syn_i tau_i": 0.0003966143678860923,
  "g_syn_i Vi_threshold": -0.00040158647248933585,
  "g_syn_i Vi0": -0.0006266316508101257,
  "tau_i^2": 0.00014787402512750401,
  "tau_i Vi_threshold": -0.00011127190125951899,
  "tau_i Vi0": -0.00045141898925284976,
  "Vi_threshold^2": 0.00010441302706200699,
  "Vi_threshold Vi0": 0.000567701296147647,
  "Vi0^2": 0.0009157116202714072
}