{
  "Vs0": -0.09613138167850195,
  "Vus0": -0.003517989173278554,
  "g_us": 12.086808214746132,
  "delta_Vus": 0.25053911623688435,
  "tau_us": 0.0006100271962674761,
  "g_s": -2.758815854450523,
  "tau_s": -0.08962906498142435,
  "g_syn_i": -0.002541829309326436,
  "tau_i": -0.0017535133016923577,
  "Vi_threshold": 0.0036410285004212384,
  "Vi0": 0.0023433505346840814
}