{
  "interburst_freq": -0.9940536492676898,
  "intraburst_freq": -0.9935252820606872,
  "duty_cycle": 0.9915297570383599,
  "mean_spikes_per_burst": 0.9872598196817162
}