{
  "interburst_freq": -0.6163493959493282,
  "intraburst_freq": -0.9900297135660354,
  "duty_cycle": 0.9520433703449526,
  "mean_spikes_per_burst": 0.8479414227835903
}