{
  "interburst_freq": 0.16430672648484537,
  "intraburst_freq": 0.07472094508094625,
  "duty_cycle": -0.605526992344031,
  "mean_spikes_per_burst": -0.2630585206441866
}