{
  "interburst_freq": -0.8714903478983572,
  "intraburst_freq": 0.8963529448605853,
  "duty_cycle": -0.7894311814584147,
  "mean_spikes_per_burst": 0.29389522653264943
}